{ "multipart": [
    { "when": { "age": 0 },
      "apply": [
        { "model": "block/beetroots_stage0" },
		{ "model": "block/crop/beetroots_stage0_mirrored" }
      ]
    },
	{ "when": { "age": 1 },
      "apply": [
        { "model": "block/beetroots_stage1" },
		{ "model": "block/crop/beetroots_stage1_mirrored" }
      ]
    },
	{ "when": { "age": 2 },
      "apply": [
        { "model": "block/beetroots_stage2" },
		{ "model": "block/crop/beetroots_stage2_mirrored" }
      ]
    },
	{ "when": { "age": 3 },
      "apply": [
        { "model": "block/beetroots_stage3" },
		{ "model": "block/crop/beetroots_stage3_mirrored" }
      ]
    },
    { "apply": { "model": "block/roots/crop_roots" } }
  ]
}
