{
  "multipart": [
    { "when": { "up": "true" },
			"apply": [
				{ "model": "block/cobblestone/wall/post/0", "weight":30 },
				{ "model": "block/cobblestone/wall/post/1", "weight":20 },
				{ "model": "block/cobblestone/wall/post/2", "weight":20 },
				{ "model": "block/cobblestone/wall/post/3", "weight":20 },
				{ "model": "block/cobblestone/wall/post/4", "weight":40 },
				{ "model": "block/cobblestone/wall/post/5", "weight":20 },
				{ "model": "block/cobblestone/wall/post/6", "weight":5 },
				{ "model": "block/cobblestone/wall/post/7", "weight":20 },
				{ "model": "block/cobblestone/wall/post/8", "weight":5 }
			]
		},
    { "when": { "north": "low" },
      "apply": [
        { "model": "block/cobblestone/wall/side/0", "weight":30, "uvlock": true },
				{ "model": "block/cobblestone/wall/side/1", "weight":20, "uvlock": true },
				{ "model": "block/cobblestone/wall/side/2", "weight":20, "uvlock": true },
				{ "model": "block/cobblestone/wall/side/3", "weight":20, "uvlock": true },
				{ "model": "block/cobblestone/wall/side/4", "weight":40, "uvlock": true },
				{ "model": "block/cobblestone/wall/side/5", "weight":20, "uvlock": true },
				{ "model": "block/cobblestone/wall/side/6", "weight":5, "uvlock": true },
				{ "model": "block/cobblestone/wall/side/7", "weight":20, "uvlock": true },
				{ "model": "block/cobblestone/wall/side/8", "weight":5, "uvlock": true }
      ]
    },
    { "when": { "east": "low" },
      "apply": [
        { "model": "block/cobblestone/wall/side/0", "weight":30, "uvlock": true, "y": 90 },
				{ "model": "block/cobblestone/wall/side/1", "weight":20, "uvlock": true, "y": 90 },
				{ "model": "block/cobblestone/wall/side/2", "weight":20, "uvlock": true, "y": 90 },
				{ "model": "block/cobblestone/wall/side/3", "weight":20, "uvlock": true, "y": 90 },
				{ "model": "block/cobblestone/wall/side/4", "weight":40, "uvlock": true, "y": 90 },
				{ "model": "block/cobblestone/wall/side/5", "weight":20, "uvlock": true, "y": 90 },
				{ "model": "block/cobblestone/wall/side/6", "weight":5, "uvlock": true, "y": 90 },
				{ "model": "block/cobblestone/wall/side/7", "weight":20, "uvlock": true, "y": 90 },
				{ "model": "block/cobblestone/wall/side/8", "weight":5, "uvlock": true, "y": 90 }
      ]
    },
    { "when": { "south": "low" },
      "apply": [
        { "model": "block/cobblestone/wall/side/0", "weight":30, "uvlock": true, "y": 180 },
				{ "model": "block/cobblestone/wall/side/1", "weight":20, "uvlock": true, "y": 180 },
				{ "model": "block/cobblestone/wall/side/2", "weight":20, "uvlock": true, "y": 180 },
				{ "model": "block/cobblestone/wall/side/3", "weight":20, "uvlock": true, "y": 180 },
				{ "model": "block/cobblestone/wall/side/4", "weight":40, "uvlock": true, "y": 180 },
				{ "model": "block/cobblestone/wall/side/5", "weight":20, "uvlock": true, "y": 180 },
				{ "model": "block/cobblestone/wall/side/6", "weight":5, "uvlock": true, "y": 180 },
				{ "model": "block/cobblestone/wall/side/7", "weight":20, "uvlock": true, "y": 180 },
				{ "model": "block/cobblestone/wall/side/8", "weight":5, "uvlock": true, "y": 180 }
      ]
    },
    { "when": { "west": "low" },
      "apply": [
        { "model": "block/cobblestone/wall/side/0", "weight":30, "uvlock": true, "y": 270 },
				{ "model": "block/cobblestone/wall/side/1", "weight":20, "uvlock": true, "y": 270 },
				{ "model": "block/cobblestone/wall/side/2", "weight":20, "uvlock": true, "y": 270 },
				{ "model": "block/cobblestone/wall/side/3", "weight":20, "uvlock": true, "y": 270 },
				{ "model": "block/cobblestone/wall/side/4", "weight":40, "uvlock": true, "y": 270 },
				{ "model": "block/cobblestone/wall/side/5", "weight":20, "uvlock": true, "y": 270 },
				{ "model": "block/cobblestone/wall/side/6", "weight":5, "uvlock": true, "y": 270 },
				{ "model": "block/cobblestone/wall/side/7", "weight":20, "uvlock": true, "y": 270 },
				{ "model": "block/cobblestone/wall/side/8", "weight":5, "uvlock": true, "y": 270 }
      ]
    },
    { "when": { "north": "tall" },
      "apply": [
        { "model": "block/cobblestone/wall/side_tall/0", "weight":30, "uvlock": true },
				{ "model": "block/cobblestone/wall/side_tall/1", "weight":20, "uvlock": true },
				{ "model": "block/cobblestone/wall/side_tall/2", "weight":20, "uvlock": true },
				{ "model": "block/cobblestone/wall/side_tall/3", "weight":20, "uvlock": true },
				{ "model": "block/cobblestone/wall/side_tall/4", "weight":40, "uvlock": true },
				{ "model": "block/cobblestone/wall/side_tall/5", "weight":20, "uvlock": true },
				{ "model": "block/cobblestone/wall/side_tall/6", "weight":5, "uvlock": true },
				{ "model": "block/cobblestone/wall/side_tall/7", "weight":20, "uvlock": true },
				{ "model": "block/cobblestone/wall/side_tall/8", "weight":5, "uvlock": true }
      ]
    },
    { "when": { "east": "tall" },
      "apply": [
        { "model": "block/cobblestone/wall/side_tall/0", "weight":30, "uvlock": true, "y": 90 },
				{ "model": "block/cobblestone/wall/side_tall/1", "weight":20, "uvlock": true, "y": 90 },
				{ "model": "block/cobblestone/wall/side_tall/2", "weight":20, "uvlock": true, "y": 90 },
				{ "model": "block/cobblestone/wall/side_tall/3", "weight":20, "uvlock": true, "y": 90 },
				{ "model": "block/cobblestone/wall/side_tall/4", "weight":40, "uvlock": true, "y": 90 },
				{ "model": "block/cobblestone/wall/side_tall/5", "weight":20, "uvlock": true, "y": 90 },
				{ "model": "block/cobblestone/wall/side_tall/6", "weight":5, "uvlock": true, "y": 90 },
				{ "model": "block/cobblestone/wall/side_tall/7", "weight":20, "uvlock": true, "y": 90 },
				{ "model": "block/cobblestone/wall/side_tall/8", "weight":5, "uvlock": true, "y": 90 }
      ]
    },
    { "when": { "south": "tall" },
      "apply": [
        { "model": "block/cobblestone/wall/side_tall/0", "weight":30, "uvlock": true, "y": 180 },
				{ "model": "block/cobblestone/wall/side_tall/1", "weight":20, "uvlock": true, "y": 180 },
				{ "model": "block/cobblestone/wall/side_tall/2", "weight":20, "uvlock": true, "y": 180 },
				{ "model": "block/cobblestone/wall/side_tall/3", "weight":20, "uvlock": true, "y": 180 },
				{ "model": "block/cobblestone/wall/side_tall/4", "weight":40, "uvlock": true, "y": 180 },
				{ "model": "block/cobblestone/wall/side_tall/5", "weight":20, "uvlock": true, "y": 180 },
				{ "model": "block/cobblestone/wall/side_tall/6", "weight":5, "uvlock": true, "y": 180 },
				{ "model": "block/cobblestone/wall/side_tall/7", "weight":20, "uvlock": true, "y": 180 },
				{ "model": "block/cobblestone/wall/side_tall/8", "weight":5, "uvlock": true, "y": 180 }
      ]
    },
    { "when": { "west": "tall" },
      "apply": [
        { "model": "block/cobblestone/wall/side_tall/0", "weight":30, "uvlock": true, "y": 270 },
				{ "model": "block/cobblestone/wall/side_tall/1", "weight":20, "uvlock": true, "y": 270 },
				{ "model": "block/cobblestone/wall/side_tall/2", "weight":20, "uvlock": true, "y": 270 },
				{ "model": "block/cobblestone/wall/side_tall/3", "weight":20, "uvlock": true, "y": 270 },
				{ "model": "block/cobblestone/wall/side_tall/4", "weight":40, "uvlock": true, "y": 270 },
				{ "model": "block/cobblestone/wall/side_tall/5", "weight":20, "uvlock": true, "y": 270 },
				{ "model": "block/cobblestone/wall/side_tall/6", "weight":5, "uvlock": true, "y": 270 },
				{ "model": "block/cobblestone/wall/side_tall/7", "weight":20, "uvlock": true, "y": 270 },
				{ "model": "block/cobblestone/wall/side_tall/8", "weight":5, "uvlock": true, "y": 270 }
      ]
    }
  ]
}