{
    "variants": {
        "waterlogged=false,facing=east,half=bottom,shape=straight":  { "model": "block/crimson_stairs" },
        "waterlogged=false,facing=west,half=bottom,shape=straight":  { "model": "block/crimson_stairs", "y": 180, "uvlock": true },
        "waterlogged=false,facing=south,half=bottom,shape=straight": { "model": "block/crimson_stairs", "y": 90, "uvlock": true },
        "waterlogged=false,facing=north,half=bottom,shape=straight": { "model": "block/crimson_stairs", "y": 270, "uvlock": true },

        "waterlogged=false,facing=east,half=bottom,shape=outer_right":  { "model": "block/crimson_stairs_outer" },
        "waterlogged=false,facing=west,half=bottom,shape=outer_right":  { "model": "block/crimson_stairs_outer", "y": 180, "uvlock": true },
        "waterlogged=false,facing=south,half=bottom,shape=outer_right": { "model": "block/crimson_stairs_outer", "y": 90, "uvlock": true },
        "waterlogged=false,facing=north,half=bottom,shape=outer_right": { "model": "block/crimson_stairs_outer", "y": 270, "uvlock": true },

        "waterlogged=false,facing=east,half=bottom,shape=outer_left":  { "model": "block/crimson_stairs_outer", "y": 270, "uvlock": true },
        "waterlogged=false,facing=west,half=bottom,shape=outer_left":  { "model": "block/crimson_stairs_outer", "y": 90, "uvlock": true },
        "waterlogged=false,facing=south,half=bottom,shape=outer_left": { "model": "block/crimson_stairs_outer" },
        "waterlogged=false,facing=north,half=bottom,shape=outer_left": { "model": "block/crimson_stairs_outer", "y": 180, "uvlock": true },

        "waterlogged=false,facing=east,half=bottom,shape=inner_right":  { "model": "block/crimson_stairs_inner" },
        "waterlogged=false,facing=west,half=bottom,shape=inner_right":  { "model": "block/crimson_stairs_inner", "y": 180, "uvlock": true },
        "waterlogged=false,facing=south,half=bottom,shape=inner_right": { "model": "block/crimson_stairs_inner", "y": 90, "uvlock": true },
        "waterlogged=false,facing=north,half=bottom,shape=inner_right": { "model": "block/crimson_stairs_inner", "y": 270, "uvlock": true },

        "waterlogged=false,facing=east,half=bottom,shape=inner_left":  { "model": "block/crimson_stairs_inner", "y": 270, "uvlock": true },
        "waterlogged=false,facing=west,half=bottom,shape=inner_left":  { "model": "block/crimson_stairs_inner", "y": 90, "uvlock": true },
        "waterlogged=false,facing=south,half=bottom,shape=inner_left": { "model": "block/crimson_stairs_inner" },
        "waterlogged=false,facing=north,half=bottom,shape=inner_left": { "model": "block/crimson_stairs_inner", "y": 180, "uvlock": true },

        "waterlogged=false,facing=east,half=top,shape=straight":  { "model": "block/crimson_stairs", "x": 180, "uvlock": true },
        "waterlogged=false,facing=west,half=top,shape=straight":  { "model": "block/crimson_stairs", "x": 180, "y": 180, "uvlock": true },
        "waterlogged=false,facing=south,half=top,shape=straight": { "model": "block/crimson_stairs", "x": 180, "y": 90, "uvlock": true },
        "waterlogged=false,facing=north,half=top,shape=straight": { "model": "block/crimson_stairs", "x": 180, "y": 270, "uvlock": true },

        "waterlogged=false,facing=east,half=top,shape=outer_right":  { "model": "block/crimson_stairs_outer", "x": 180, "y": 90, "uvlock": true },
        "waterlogged=false,facing=west,half=top,shape=outer_right":  { "model": "block/crimson_stairs_outer", "x": 180, "y": 270, "uvlock": true },
        "waterlogged=false,facing=south,half=top,shape=outer_right": { "model": "block/crimson_stairs_outer", "x": 180, "y": 180, "uvlock": true },
        "waterlogged=false,facing=north,half=top,shape=outer_right": { "model": "block/crimson_stairs_outer", "x": 180, "uvlock": true },

        "waterlogged=false,facing=east,half=top,shape=outer_left":  { "model": "block/crimson_stairs_outer", "x": 180, "uvlock": true },
        "waterlogged=false,facing=west,half=top,shape=outer_left":  { "model": "block/crimson_stairs_outer", "x": 180, "y": 180, "uvlock": true },
        "waterlogged=false,facing=south,half=top,shape=outer_left": { "model": "block/crimson_stairs_outer", "x": 180, "y": 90, "uvlock": true },
        "waterlogged=false,facing=north,half=top,shape=outer_left": { "model": "block/crimson_stairs_outer", "x": 180, "y": 270, "uvlock": true },

        "waterlogged=false,facing=east,half=top,shape=inner_right":  { "model": "block/crimson_stairs_inner", "x": 180, "y": 90, "uvlock": true },
        "waterlogged=false,facing=west,half=top,shape=inner_right":  { "model": "block/crimson_stairs_inner", "x": 180, "y": 270, "uvlock": true },
        "waterlogged=false,facing=south,half=top,shape=inner_right": { "model": "block/crimson_stairs_inner", "x": 180, "y": 180, "uvlock": true },
        "waterlogged=false,facing=north,half=top,shape=inner_right": { "model": "block/crimson_stairs_inner", "x": 180, "uvlock": true },
        
        "waterlogged=false,facing=east,half=top,shape=inner_left":  { "model": "block/crimson_stairs_inner", "x": 180, "uvlock": true },
        "waterlogged=false,facing=west,half=top,shape=inner_left":  { "model": "block/crimson_stairs_inner", "x": 180, "y": 180, "uvlock": true },
        "waterlogged=false,facing=south,half=top,shape=inner_left": { "model": "block/crimson_stairs_inner", "x": 180, "y": 90, "uvlock": true },
        "waterlogged=false,facing=north,half=top,shape=inner_left": { "model": "block/crimson_stairs_inner", "x": 180, "y": 270, "uvlock": true },

        "waterlogged=true,facing=east,half=bottom,shape=straight":  { "model": "block/underwater/crimson_stairs_underwater" },
        "waterlogged=true,facing=west,half=bottom,shape=straight":  { "model": "block/underwater/crimson_stairs_underwater", "y": 180, "uvlock": true },
        "waterlogged=true,facing=south,half=bottom,shape=straight": { "model": "block/underwater/crimson_stairs_underwater", "y": 90, "uvlock": true },
        "waterlogged=true,facing=north,half=bottom,shape=straight": { "model": "block/underwater/crimson_stairs_underwater", "y": 270, "uvlock": true },

        "waterlogged=true,facing=east,half=bottom,shape=outer_right":  { "model": "block/underwater/crimson_stairs_outer_underwater" },
        "waterlogged=true,facing=west,half=bottom,shape=outer_right":  { "model": "block/underwater/crimson_stairs_outer_underwater", "y": 180, "uvlock": true },
        "waterlogged=true,facing=south,half=bottom,shape=outer_right": { "model": "block/underwater/crimson_stairs_outer_underwater", "y": 90, "uvlock": true },
        "waterlogged=true,facing=north,half=bottom,shape=outer_right": { "model": "block/underwater/crimson_stairs_outer_underwater", "y": 270, "uvlock": true },

        "waterlogged=true,facing=east,half=bottom,shape=outer_left":  { "model": "block/underwater/crimson_stairs_outer_underwater", "y": 270, "uvlock": true },
        "waterlogged=true,facing=west,half=bottom,shape=outer_left":  { "model": "block/underwater/crimson_stairs_outer_underwater", "y": 90, "uvlock": true },
        "waterlogged=true,facing=south,half=bottom,shape=outer_left": { "model": "block/underwater/crimson_stairs_outer_underwater" },
        "waterlogged=true,facing=north,half=bottom,shape=outer_left": { "model": "block/underwater/crimson_stairs_outer_underwater", "y": 180, "uvlock": true },

        "waterlogged=true,facing=east,half=bottom,shape=inner_right":  { "model": "block/underwater/crimson_stairs_inner_underwater" },
        "waterlogged=true,facing=west,half=bottom,shape=inner_right":  { "model": "block/underwater/crimson_stairs_inner_underwater", "y": 180, "uvlock": true },
        "waterlogged=true,facing=south,half=bottom,shape=inner_right": { "model": "block/underwater/crimson_stairs_inner_underwater", "y": 90, "uvlock": true },
        "waterlogged=true,facing=north,half=bottom,shape=inner_right": { "model": "block/underwater/crimson_stairs_inner_underwater", "y": 270, "uvlock": true },

        "waterlogged=true,facing=east,half=bottom,shape=inner_left":  { "model": "block/underwater/crimson_stairs_inner_underwater", "y": 270, "uvlock": true },
        "waterlogged=true,facing=west,half=bottom,shape=inner_left":  { "model": "block/underwater/crimson_stairs_inner_underwater", "y": 90, "uvlock": true },
        "waterlogged=true,facing=south,half=bottom,shape=inner_left": { "model": "block/underwater/crimson_stairs_inner_underwater" },
        "waterlogged=true,facing=north,half=bottom,shape=inner_left": { "model": "block/underwater/crimson_stairs_inner_underwater", "y": 180, "uvlock": true },

        "waterlogged=true,facing=east,half=top,shape=straight":  { "model": "block/underwater/crimson_stairs_underwater", "x": 180, "uvlock": true },
        "waterlogged=true,facing=west,half=top,shape=straight":  { "model": "block/underwater/crimson_stairs_underwater", "x": 180, "y": 180, "uvlock": true },
        "waterlogged=true,facing=south,half=top,shape=straight": { "model": "block/underwater/crimson_stairs_underwater", "x": 180, "y": 90, "uvlock": true },
        "waterlogged=true,facing=north,half=top,shape=straight": { "model": "block/underwater/crimson_stairs_underwater", "x": 180, "y": 270, "uvlock": true },

        "waterlogged=true,facing=east,half=top,shape=outer_right":  { "model": "block/underwater/crimson_stairs_outer_underwater", "x": 180, "y": 90, "uvlock": true },
        "waterlogged=true,facing=west,half=top,shape=outer_right":  { "model": "block/underwater/crimson_stairs_outer_underwater", "x": 180, "y": 270, "uvlock": true },
        "waterlogged=true,facing=south,half=top,shape=outer_right": { "model": "block/underwater/crimson_stairs_outer_underwater", "x": 180, "y": 180, "uvlock": true },
        "waterlogged=true,facing=north,half=top,shape=outer_right": { "model": "block/underwater/crimson_stairs_outer_underwater", "x": 180, "uvlock": true },

        "waterlogged=true,facing=east,half=top,shape=outer_left":  { "model": "block/underwater/crimson_stairs_outer_underwater", "x": 180, "uvlock": true },
        "waterlogged=true,facing=west,half=top,shape=outer_left":  { "model": "block/underwater/crimson_stairs_outer_underwater", "x": 180, "y": 180, "uvlock": true },
        "waterlogged=true,facing=south,half=top,shape=outer_left": { "model": "block/underwater/crimson_stairs_outer_underwater", "x": 180, "y": 90, "uvlock": true },
        "waterlogged=true,facing=north,half=top,shape=outer_left": { "model": "block/underwater/crimson_stairs_outer_underwater", "x": 180, "y": 270, "uvlock": true },

        "waterlogged=true,facing=east,half=top,shape=inner_right":  { "model": "block/underwater/crimson_stairs_inner_underwater", "x": 180, "y": 90, "uvlock": true },
        "waterlogged=true,facing=west,half=top,shape=inner_right":  { "model": "block/underwater/crimson_stairs_inner_underwater", "x": 180, "y": 270, "uvlock": true },
        "waterlogged=true,facing=south,half=top,shape=inner_right": { "model": "block/underwater/crimson_stairs_inner_underwater", "x": 180, "y": 180, "uvlock": true },
        "waterlogged=true,facing=north,half=top,shape=inner_right": { "model": "block/underwater/crimson_stairs_inner_underwater", "x": 180, "uvlock": true },
        
        "waterlogged=true,facing=east,half=top,shape=inner_left":  { "model": "block/underwater/crimson_stairs_inner_underwater", "x": 180, "uvlock": true },
        "waterlogged=true,facing=west,half=top,shape=inner_left":  { "model": "block/underwater/crimson_stairs_inner_underwater", "x": 180, "y": 180, "uvlock": true },
        "waterlogged=true,facing=south,half=top,shape=inner_left": { "model": "block/underwater/crimson_stairs_inner_underwater", "x": 180, "y": 90, "uvlock": true },
        "waterlogged=true,facing=north,half=top,shape=inner_left": { "model": "block/underwater/crimson_stairs_inner_underwater", "x": 180, "y": 270, "uvlock": true }
    }
}
